longitude,latitude,track_id,class_name,confidence,reliability,accuracy_meters,detection_count,first_frame,last_frame,duration_frames,estimated_distance_m
-58.674966665332576,-34.66265084063309,0,Led-150,0.8,0.983,1.0,12,0,100,100,25.0
-58.674964371144604,-34.66261974113275,2,Led-150,0.8,0.982,1.0,8,0,100,100,25.0
-58.674952293746514,-34.66265780750597,3,Led-240,0.8,0.993,1.0,2,0,100,100,25.0
-58.67496136735958,-34.66265703418498,4,Led-150,0.8,0.998,1.0,3,0,100,100,25.0
-58.674956466425954,-34.66256896391177,5,Led-240,0.8,0.956,1.0,4,0,100,100,25.0
-58.6750424919381,-34.66259095267329,6,Led-150,0.8,0.971,1.0,13,0,100,100,25.0
-58.674894736476915,-34.66265222680738,28,Led-150,0.8,0.976,1.0,0,0,100,100,25.0
-58.67494119782377,-34.662678050869005,29,Led-240,0.8,0.998,1.0,0,0,100,100,25.0
-58.67494125289751,-34.662677811744715,40,Led-150,0.8,0.996,1.0,0,0,100,100,25.0
-58.674921533816345,-34.662644879036044,56,Led-150,0.8,0.986,1.0,0,0,100,100,25.0
-58.6749413873378,-34.66267730972369,64,Led-150,0.8,0.997,1.0,1,0,100,100,25.0
-58.674987955616146,-34.6626118414526,76,Led-150,0.8,0.986,1.0,0,0,100,100,25.0
-58.67489445365011,-34.66265195965566,79,Led-240,0.8,0.991,1.0,0,0,100,100,25.0
-58.67495208165834,-34.66265833257828,93,Led-240,0.8,0.996,1.0,0,0,100,100,25.0
-58.674985712415705,-34.66264759031195,111,Led-240,0.8,0.995,1.0,0,0,100,100,25.0
-58.674987344176714,-34.66261287229306,128,Led-150,0.8,0.985,1.0,1,0,100,100,25.0
-58.674986986458634,-34.66264627770657,140,Led-150,0.8,0.985,1.0,1,0,100,100,25.0
-58.67495221362017,-34.6626580003965,146,Led-150,0.8,0.995,1.0,1,0,100,100,25.0
-58.67494141624762,-34.66267703336881,157,Led-240,0.8,0.995,1.0,2,0,100,100,25.0
-58.674921376130264,-34.66264436864659,170,Led-150,0.8,0.995,1.0,1,0,100,100,25.0
-58.67498658891633,-34.662614146760816,173,Led-240,0.8,0.992,1.0,0,0,100,100,25.0
-58.674952120488676,-34.662658238124955,180,Led-150,0.8,0.995,1.0,0,0,100,100,25.0
-58.6749867064306,-34.66264656675698,197,Led-240,0.8,0.992,1.0,0,0,100,100,25.0
-58.67495228831279,-34.66265778399178,206,Led-150,0.8,0.993,1.0,1,0,100,100,25.0
-58.67498811788007,-34.66264511432252,217,Led-240,0.8,0.988,1.0,1,0,100,100,25.0
-58.674867741385334,-34.66258689798538,225,Led-240,0.8,0.977,1.0,0,0,100,100,25.0
-58.67492148419347,-34.66264488229858,226,Led-150,0.8,0.995,1.0,0,0,100,100,25.0
-58.67496138471016,-34.662657000402916,231,Led-240,0.8,0.999,1.0,0,0,100,100,25.0
-58.674952146762486,-34.66265815746392,242,Led-150,0.8,0.995,1.0,0,0,100,100,25.0
-58.67496377824374,-34.66265607850004,253,Led-240,0.8,0.979,1.0,5,0,100,100,25.0
-58.674990254436246,-34.66264480304566,265,Led-240,0.8,0.963,1.0,5,0,100,100,25.0
-58.67495627885918,-34.66256969826178,288,Led-150,0.8,0.984,1.0,1,0,100,100,25.0
-58.67494128595952,-34.66267762733318,289,Led-240,0.8,0.999,1.0,0,0,100,100,25.0
-58.6749870192732,-34.66261342090925,297,Led-240,0.8,0.996,1.0,1,0,100,100,25.0
-58.67492232903199,-34.66264805818555,311,Led-240,0.8,0.996,1.0,1,0,100,100,25.0
-58.67495739467575,-34.66256766084829,350,Led-150,0.8,0.956,1.0,1,0,100,100,25.0
-58.67485153067941,-34.66256119319298,355,Led-240,0.8,0.936,1.0,0,0,100,100,25.0
-58.67492228918323,-34.662647953896496,364,Led-150,0.8,0.993,1.0,0,0,100,100,25.0
-58.6749412713131,-34.6626776449864,379,Led-240,0.8,0.999,1.0,0,0,100,100,25.0
-58.674954349572005,-34.66265267418459,381,Led-240,0.8,0.996,1.0,1,0,100,100,25.0
-58.67492402905275,-34.662647034427735,387,Led-240,0.8,0.986,1.0,2,0,100,100,25.0
-58.67494291113544,-34.66267710723281,398,Led-150,0.8,0.986,1.0,1,0,100,100,25.0
-58.67495459952916,-34.66265194044718,415,Led-240,0.8,0.974,1.0,0,0,100,100,25.0
-58.67495404957788,-34.662658043137306,420,Led-150,0.8,0.987,1.0,0,0,100,100,25.0
-58.67495477405051,-34.66265855790115,432,Led-150,0.8,0.996,1.0,0,0,100,100,25.0
-58.674958900954465,-34.66257069601923,454,Led-150,0.8,0.968,1.0,1,0,100,100,25.0
-58.67495603101597,-34.66264997184473,460,Led-150,0.8,0.991,1.0,0,0,100,100,25.0
-58.67499055091471,-34.662612147372755,474,Led-150,0.8,0.993,1.0,1,0,100,100,25.0
-58.67491221901293,-34.66266851665868,486,Led-150,0.8,0.996,1.0,0,0,100,100,25.0
-58.6749443015248,-34.66267673057269,504,Led-150,0.8,0.992,1.0,0,0,100,100,25.0
-58.67496120346537,-34.662612077091595,518,Led-150,0.8,0.994,1.0,0,0,100,100,25.0
-58.67492496345775,-34.66264754716274,526,Led-150,0.8,0.995,1.0,0,0,100,100,25.0
-58.674992027351095,-34.66260966935877,539,Led-240,0.8,0.97,1.0,1,0,100,100,25.0
-58.67495586320476,-34.66265581836231,579,Led-240,0.8,0.996,1.0,0,0,100,100,25.0
-58.67498758608857,-34.66261427458221,586,Led-150,0.8,0.985,1.0,0,0,100,100,25.0
-58.67494267366157,-34.66266782800904,628,Led-150,0.8,0.995,1.0,0,0,100,100,25.0
-58.67494591151877,-34.662670676375136,629,Led-240,0.8,0.992,1.0,0,0,100,100,25.0
-58.674963293253114,-34.662604295025204,630,Led-150,0.8,0.981,1.0,1,0,100,100,25.0
-58.674875040344865,-34.66263301571872,632,Led-150,0.8,0.976,1.0,0,0,100,100,25.0
-58.67491723454558,-34.66262296670128,639,Led-240,0.8,0.991,1.0,0,0,100,100,25.0
-58.67496525689586,-34.66262356649428,648,Led-150,0.8,0.98,1.0,2,0,100,100,25.0
-58.674945652263936,-34.66267159335849,662,Led-150,0.8,0.991,1.0,0,0,100,100,25.0
-58.67499602661585,-34.66263984140439,724,Led-150,0.8,0.98,1.0,1,0,100,100,25.0
-58.67494633567376,-34.66266900167463,734,Led-150,0.8,0.991,1.0,1,0,100,100,25.0
-58.67496562549528,-34.66265469433806,755,Led-240,0.8,0.998,1.0,1,0,100,100,25.0
-58.674943139061185,-34.66268135450244,756,Led-150,0.8,0.996,1.0,1,0,100,100,25.0
-58.674963579373845,-34.66260344868329,762,Led-150,0.8,0.991,1.0,0,0,100,100,25.0
-58.674917897864226,-34.66262548606699,768,Led-150,0.8,0.983,1.0,1,0,100,100,25.0
-58.67495380349091,-34.66266116109945,795,Led-240,0.8,0.99,1.0,0,0,100,100,25.0
-58.67494718325456,-34.66268998245364,799,Led-240,0.8,0.999,1.0,0,0,100,100,25.0
-58.674993733793826,-34.662642206293995,802,Led-150,0.8,0.983,1.0,1,0,100,100,25.0
-58.67496550416944,-34.66265488087957,810,Led-150,0.8,0.991,1.0,2,0,100,100,25.0
-58.67494596410029,-34.66267041004321,812,Led-150,0.8,0.987,1.0,1,0,100,100,25.0
-58.674946001177496,-34.662670234484054,877,Led-240,0.8,0.991,1.0,0,0,100,100,25.0
-58.674887656258875,-34.66264595378091,926,Led-150,0.8,0.997,1.0,0,0,100,100,25.0
-58.67496489240416,-34.66262462014649,952,Led-150,0.8,0.983,1.0,0,0,100,100,25.0
-58.674963086789866,-34.66260523128848,961,Led-240,0.8,0.992,1.0,0,0,100,100,25.0
-58.674968019008475,-34.662650751207735,999,Led-240,0.8,0.995,1.0,4,0,100,100,25.0
-58.67496473063883,-34.66265630141091,1002,Led-150,0.8,0.994,1.0,1,0,100,100,25.0
-58.67499538860431,-34.66264048152605,1018,Led-150,0.8,0.989,1.0,0,0,100,100,25.0
-58.67504399835887,-34.6625906393004,1057,Led-240,0.8,0.983,1.0,1,0,100,100,25.0
-58.674954744694695,-34.66265887185545,1064,Led-150,0.8,0.991,1.0,1,0,100,100,25.0
-58.674964846461954,-34.66265607206802,1077,Led-240,0.8,0.994,1.0,3,0,100,100,25.0
-58.674944661306235,-34.66267557240259,1101,Led-240,0.8,0.995,1.0,0,0,100,100,25.0
-58.67494680631881,-34.66269035933172,1102,Led-150,0.8,1.0,1.0,0,0,100,100,25.0
-58.674992039521086,-34.662606033435715,1108,Led-150,0.8,0.981,1.0,0,0,100,100,25.0
-58.674993500625234,-34.66264243268389,1111,Led-240,0.8,0.997,1.0,0,0,100,100,25.0
-58.67491637624965,-34.6626198162833,1122,Led-150,0.8,0.982,1.0,0,0,100,100,25.0
-58.67495403660747,-34.66266049482032,1131,Led-240,0.8,0.992,1.0,0,0,100,100,25.0
-58.674944620593976,-34.66267542470873,1132,Led-150,0.8,0.995,1.0,0,0,100,100,25.0
-58.67499426459175,-34.66264165330905,1137,Led-240,0.8,0.992,1.0,0,0,100,100,25.0
-58.674944754935545,-34.662674970409064,1142,Led-150,0.8,0.994,1.0,0,0,100,100,25.0
-58.6750454858292,-34.66258911203973,1147,Led-240,0.8,0.98,1.0,0,0,100,100,25.0
-58.67499460673278,-34.66264129322731,1160,Led-150,0.8,0.987,1.0,1,0,100,100,25.0
-58.67495416888534,-34.66266020027399,1163,Led-240,0.8,0.996,1.0,0,0,100,100,25.0
-58.674946822017134,-34.66269034180338,1168,Led-150,0.8,0.999,1.0,1,0,100,100,25.0
-58.6749933016456,-34.66264264673138,1196,Led-150,0.8,0.985,1.0,3,0,100,100,25.0
-58.675042162494236,-34.66259291437252,1207,Led-240,0.8,0.975,1.0,5,0,100,100,25.0
-58.67494604651004,-34.66267028676618,1211,Led-240,0.8,0.993,1.0,0,0,100,100,25.0
-58.674942694659045,-34.66266786182541,1220,Led-150,0.8,0.997,1.0,0,0,100,100,25.0
-58.674872416648434,-34.66263032533327,1227,Led-240,0.8,0.975,1.0,0,0,100,100,25.0
-58.67489546348681,-34.66265396006113,1235,Led-240,0.8,0.988,1.0,0,0,100,100,25.0
-58.674965918023716,-34.662654100533786,1265,Led-240,0.8,0.973,1.0,0,0,100,100,25.0
-58.674876113418506,-34.66263411576113,1266,Led-150,0.8,0.978,1.0,0,0,100,100,25.0
-58.67496287295817,-34.66260612339897,1292,Led-150,0.8,0.963,1.0,0,0,100,100,25.0
-58.674983390496486,-34.66262207844516,1296,Led-150,0.8,0.974,1.0,0,0,100,100,25.0
-58.674924854122494,-34.662647129528686,1325,Led-240,0.8,0.996,1.0,0,0,100,100,25.0
-58.674968650599666,-34.662649627122676,1328,Led-150,0.8,0.986,1.0,0,0,100,100,25.0
-58.674872081825896,-34.662629981264516,1330,Led-150,0.8,0.919,1.0,0,0,100,100,25.0
-58.67496692681635,-34.66265241979233,1339,Led-240,0.8,0.994,1.0,1,0,100,100,25.0
-58.67491736390986,-34.6626234609572,1341,Led-240,0.8,0.99,1.0,1,0,100,100,25.0
-58.674968318632004,-34.66265013475549,1351,Led-240,0.8,0.993,1.0,1,0,100,100,25.0
-58.67492421676752,-34.6626445774586,1355,Led-240,0.8,0.993,1.0,1,0,100,100,25.0
-58.674944523761695,-34.66267581034107,1363,Led-240,0.8,0.989,1.0,0,0,100,100,25.0
-58.67495556462332,-34.662656760639905,1367,Led-240,0.8,0.996,1.0,0,0,100,100,25.0
-58.674917100525455,-34.662622528178716,1383,Led-240,0.8,0.986,1.0,0,0,100,100,25.0
-58.67494486314372,-34.66267457587711,1394,Led-150,0.8,0.992,1.0,0,0,100,100,25.0
-58.67498123408522,-34.66262578645668,1407,Led-240,0.8,0.983,1.0,0,0,100,100,25.0
-58.674969093871184,-34.66264886475962,1409,Led-240,0.8,0.993,1.0,1,0,100,100,25.0
-58.67494525336458,-34.662673105444476,1423,Led-240,0.8,0.987,1.0,2,0,100,100,25.0
-58.67496666070321,-34.662652802301196,1428,Led-150,0.8,0.992,1.0,1,0,100,100,25.0
-58.67495637576741,-34.66265496927408,1468,Led-150,0.8,0.996,1.0,0,0,100,100,25.0
-58.67497948624338,-34.662628786864666,1476,Led-150,0.8,0.988,1.0,0,0,100,100,25.0
-58.67496869020998,-34.66264953289542,1478,Led-150,0.8,0.987,1.0,1,0,100,100,25.0
-58.67496588490241,-34.66265409392605,1502,Led-150,0.8,0.996,1.0,0,0,100,100,25.0
-58.67494689642524,-34.66269027384135,1515,Led-240,0.8,0.999,1.0,1,0,100,100,25.0
-58.67496806903294,-34.66265056007453,1525,Led-240,0.8,0.998,1.0,1,0,100,100,25.0
-58.67499293653097,-34.66264302337796,1532,Led-150,0.8,0.982,1.0,1,0,100,100,25.0
-58.67491673713786,-34.662620897414946,1534,Led-150,0.8,0.984,1.0,0,0,100,100,25.0
-58.67494310993378,-34.66268155114739,1552,Led-150,0.8,0.997,1.0,0,0,100,100,25.0
-58.67494633749963,-34.662668956597976,1560,Led-150,0.8,0.993,1.0,0,0,100,100,25.0
-58.674969145337315,-34.662649406916564,1561,Led-240,0.8,0.981,1.0,1,0,100,100,25.0
-58.67491785886766,-34.662625095468776,1572,Led-150,0.8,0.988,1.0,0,0,100,100,25.0
-58.67499031268701,-34.66264730935088,1647,Led-240,0.8,0.981,1.0,1,0,100,100,25.0
-58.67496921403603,-34.66264991531667,1662,Led-150,0.8,0.982,1.0,0,0,100,100,25.0
-58.67496592214924,-34.6626560040937,1679,Led-240,0.8,0.99,1.0,0,0,100,100,25.0
-58.67491768446803,-34.66262634261817,1699,Led-240,0.8,0.982,1.0,0,0,100,100,25.0
-58.67496616946514,-34.66265639215092,1786,Led-150,0.8,0.995,1.0,1,0,100,100,25.0
-58.67504438245808,-34.66259305989457,1866,Led-150,0.8,0.965,1.0,0,0,100,100,25.0
-58.674966616324085,-34.66265565667892,1911,Led-240,0.8,0.977,1.0,0,0,100,100,25.0
-58.675024848876795,-34.662613097033606,1912,Led-150,0.8,0.981,1.0,0,0,100,100,25.0
-58.674965889161854,-34.662656682416355,1917,Led-240,0.8,0.994,1.0,0,0,100,100,25.0
-58.67487839860852,-34.662639237886765,1928,Led-150,0.8,0.989,1.0,0,0,100,100,25.0
-58.675038195749465,-34.66259914868262,1939,Led-240,0.8,0.956,1.0,1,0,100,100,25.0
-58.67496565916919,-34.66260426079775,1962,Led-150,0.8,0.977,1.0,0,0,100,100,25.0
-58.67493122505956,-34.66266263726429,2018,Led-150,0.8,0.995,1.0,0,0,100,100,25.0
-58.67496191709732,-34.66265871057459,2084,Led-150,0.8,0.994,1.0,0,0,100,100,25.0
-58.674951338943664,-34.6625871788351,2113,Led-240,0.8,0.988,1.0,0,0,100,100,25.0
-58.67496516482721,-34.66265699910578,2205,Led-240,0.8,0.998,1.0,0,0,100,100,25.0
-58.67494363633515,-34.662672412954834,2244,Led-150,0.8,0.98,1.0,0,0,100,100,25.0
-58.67483432642311,-34.66260251709245,2306,Led-150,0.8,0.938,1.0,0,0,100,100,25.0
-58.67493000569171,-34.66264376894372,2317,Led-240,0.8,0.974,1.0,0,0,100,100,25.0
-58.675027870413544,-34.66260704745494,2357,Led-240,0.8,0.955,1.0,1,0,100,100,25.0
-58.674954629276066,-34.66265653390226,2365,Led-240,0.8,0.978,1.0,1,0,100,100,25.0
-58.67491651222013,-34.66264311259234,2390,Led-150,0.8,0.981,1.0,1,0,100,100,25.0
-58.674895678762134,-34.66262865409982,2397,Led-240,0.8,0.961,1.0,0,0,100,100,25.0
-58.67504271707257,-34.66259183698675,2409,Led-240,0.8,0.959,1.0,0,0,100,100,25.0
-58.67495895165346,-34.6626646238527,2422,Led-150,0.8,0.99,1.0,0,0,100,100,25.0
-58.6748727304132,-34.66264457417075,2529,Led-240,0.8,0.977,1.0,0,0,100,100,25.0
-58.67496126281914,-34.66266451177276,2548,Led-150,0.8,0.987,1.0,0,0,100,100,25.0
-58.67495586284247,-34.662672552745256,2823,Led-240,0.8,0.985,1.0,0,0,100,100,25.0
-58.67495542281139,-34.66267542466689,2991,Led-240,0.8,0.99,1.0,0,0,100,100,25.0
-58.674939203260955,-34.66267266386836,3055,Led-240,0.8,0.989,1.0,0,0,100,100,25.0
-58.674934989185466,-34.662686850796334,3056,Led-150,0.8,0.991,1.0,0,0,100,100,25.0
-58.674938009989255,-34.66267602870613,3149,Led-240,0.8,0.98,1.0,1,0,100,100,25.0
-58.674972598492886,-34.66260499536245,3178,Led-150,0.8,0.985,1.0,0,0,100,100,25.0
-58.67493326933957,-34.6626906125878,3232,Led-150,0.8,0.986,1.0,0,0,100,100,25.0
-58.6749910887982,-34.6626234823389,3244,Led-150,0.8,0.943,1.0,0,0,100,100,25.0
-58.67484366672692,-34.66262734463362,3263,Led-240,0.8,0.965,1.0,0,0,100,100,25.0
-58.6750135515013,-34.6626215330733,3302,Led-150,0.8,0.973,1.0,0,0,100,100,25.0
-58.67493588118949,-34.662640006788,3316,Led-150,0.8,0.981,1.0,0,0,100,100,25.0
-58.67484242571983,-34.66262769536024,3339,Led-240,0.8,0.961,1.0,0,0,100,100,25.0
-58.67487901810474,-34.66263935093677,3361,Led-240,0.8,0.991,1.0,0,0,100,100,25.0
-58.67489331854566,-34.66267989235429,3446,Led-150,0.8,0.988,1.0,0,0,100,100,25.0
-58.67484473511414,-34.66261390613992,3452,Led-150,0.8,0.981,1.0,0,0,100,100,25.0
-58.675002080505024,-34.662633309567624,3461,Led-240,0.8,0.962,1.0,0,0,100,100,25.0
-58.67488103589068,-34.66264803523773,3506,Led-150,0.8,0.968,1.0,0,0,100,100,25.0
-58.674852192991786,-34.662637718272876,3512,Led-150,0.8,0.972,1.0,0,0,100,100,25.0
-58.67496491301571,-34.66262381150586,3522,Led-150,0.8,0.99,1.0,0,0,100,100,25.0
-58.67490364012092,-34.66267897076965,3544,Led-150,0.8,0.998,1.0,0,0,100,100,25.0
-58.6749368289368,-34.662633218128114,3553,Led-240,0.8,0.987,1.0,0,0,100,100,25.0
-58.67484600956425,-34.66261557036678,3565,Led-240,0.8,0.973,1.0,0,0,100,100,25.0
-58.674935948607285,-34.662676683982454,3601,Led-240,0.8,0.997,1.0,1,0,100,100,25.0
-58.67491504169433,-34.66270217027106,3602,Led-150,0.8,0.998,1.0,0,0,100,100,25.0
-58.674936748715844,-34.6626338483919,3668,Led-150,0.8,0.981,1.0,0,0,100,100,25.0
-58.67493557181315,-34.6626784200764,3714,Led-150,0.8,0.995,1.0,0,0,100,100,25.0
-58.67501618621253,-34.6626188175043,3723,Led-240,0.8,0.953,1.0,0,0,100,100,25.0
-58.675023131841634,-34.662611687169566,3793,Led-240,0.8,0.892,1.2,0,0,100,100,25.0
-58.674893189627674,-34.66262711286423,5513,Led-240,0.8,0.984,1.0,1,0,100,100,25.0
-58.67492294994561,-34.662651858867164,5752,Led-150,0.8,0.981,1.0,0,0,100,100,25.0
-58.67492696949697,-34.66264813045955,5765,Led-240,0.8,0.982,1.0,0,0,100,100,25.0
-58.67498054855177,-34.662549087925456,6147,Led-240,0.8,0.966,1.0,0,0,100,100,25.0
-58.6749233340063,-34.66258578317165,6167,Led-240,0.8,0.973,1.0,1,0,100,100,25.0
-58.674859395215705,-34.6625713587289,6242,Led-150,0.8,0.986,1.0,1,0,100,100,25.0
-58.67493138604408,-34.66260923971007,6432,Led-150,0.8,0.967,1.0,1,0,100,100,25.0
-58.674916393941885,-34.66262726630314,6479,Led-240,0.8,0.986,1.0,0,0,100,100,25.0
-58.67490892441154,-34.66262427645225,6619,Led-240,0.8,0.976,1.0,1,0,100,100,25.0
-58.67488957353656,-34.6625938802856,6628,Led-150,0.8,0.956,1.0,2,0,100,100,25.0
-58.6749111158488,-34.6626256015282,6661,Led-240,0.8,1.0,1.0,0,0,100,100,25.0
-58.67491310909973,-34.66262268165966,6679,Led-240,0.8,0.986,1.0,0,0,100,100,25.0
-58.674911113532985,-34.66262282262431,6775,Led-240,0.8,1.0,1.0,0,0,100,100,25.0
-58.6749121889717,-34.66262036093843,6864,Led-150,0.8,0.982,1.0,0,0,100,100,25.0
-58.67490684025904,-34.66262045683807,6885,Led-240,0.8,0.981,1.0,0,0,100,100,25.0
-58.674907751862655,-34.66259797846,6946,Led-150,0.8,0.99,1.0,0,0,100,100,25.0
-58.674908674781655,-34.66261813330079,6983,Led-240,0.8,0.988,1.0,1,0,100,100,25.0
-58.674910316717664,-34.66261654589425,7014,Led-150,0.8,0.988,1.0,1,0,100,100,25.0
-58.67488315090346,-34.662582587532896,7201,Led-240,0.8,0.995,1.0,0,0,100,100,25.0
-58.67490711058632,-34.66259611798215,7254,Led-150,0.8,0.994,1.0,0,0,100,100,25.0
-58.674905888868025,-34.66261218765467,7290,Led-150,0.8,0.984,1.0,0,0,100,100,25.0
-58.67488223594729,-34.66257814288901,7329,Led-240,0.8,0.98,1.0,1,0,100,100,25.0
-58.67487655822436,-34.662570736307686,7737,Led-240,0.8,0.969,1.0,1,0,100,100,25.0
-58.67487966190726,-34.66257598116063,7753,Led-240,0.8,0.997,1.0,0,0,100,100,25.0
-58.67489589349593,-34.662596325896644,8028,Led-150,0.8,0.981,1.0,0,0,100,100,25.0
-58.6748899953736,-34.66259384084613,8057,Led-240,0.8,1.0,1.0,0,0,100,100,25.0
-58.67487240031753,-34.66256282517603,8088,Led-150,0.8,0.99,1.0,0,0,100,100,25.0
-58.67486836167303,-34.66255756905713,8158,Led-150,0.8,0.957,1.0,1,0,100,100,25.0
-58.674860471732586,-34.662548003095004,8565,Led-240,0.8,0.996,1.0,0,0,100,100,25.0
-58.67485141133633,-34.662539233037954,8723,Led-240,0.8,0.949,1.0,1,0,100,100,25.0
-58.67484089188805,-34.66253026633152,9474,Led-150,0.8,0.986,1.0,1,0,100,100,25.0
-58.674827049928254,-34.66252083379314,10056,Led-150,0.8,0.979,1.0,1,0,100,100,25.0
-58.6748168707269,-34.66252293133866,10270,Led-150,0.8,0.983,1.0,0,0,100,100,25.0
-58.67481974395761,-34.66252276973521,10283,Led-240,0.8,0.977,1.0,0,0,100,100,25.0
-58.67481083996997,-34.662518089137755,10510,Led-150,0.8,0.971,1.0,1,0,100,100,25.0
-58.67481018680454,-34.662518895730365,10514,Led-150,0.8,0.974,1.0,1,0,100,100,25.0
-58.67483010052422,-34.662552722056844,10527,Led-240,0.8,0.985,1.0,0,0,100,100,25.0
-58.67480276946907,-34.662515451175615,10773,Led-240,0.8,0.975,1.0,0,0,100,100,25.0
-58.67481165222696,-34.66254480196351,11041,Led-240,0.8,0.972,1.0,0,0,100,100,25.0
-58.67478546898149,-34.662507739168305,11176,Led-150,0.8,0.981,1.0,0,0,100,100,25.0
-58.67476253496399,-34.66252886762067,11443,Led-240,0.8,0.913,1.0,1,0,100,100,25.0
-58.67474804956714,-34.66251542833696,11755,Led-240,0.8,0.987,1.0,0,0,100,100,25.0
-58.67476054104616,-34.66253098915856,11834,Led-150,0.8,0.974,1.0,0,0,100,100,25.0
-58.67474268725659,-34.66252144305641,12054,Led-150,0.8,1.0,1.0,0,0,100,100,25.0
-58.67477656416007,-34.66249930455096,12084,Led-150,0.8,0.966,1.0,0,0,100,100,25.0
-58.67474000500613,-34.66252504181111,12146,Led-150,0.8,0.974,1.0,1,0,100,100,25.0
-58.67472630421647,-34.66252097971357,12432,Led-150,0.8,0.973,1.0,0,0,100,100,25.0
-58.674718052862296,-34.662519629143674,12577,Led-240,0.8,0.976,1.0,0,0,100,100,25.0
-58.674667368601796,-34.66248314226092,13050,Led-150,0.8,0.969,1.0,0,0,100,100,25.0
-58.67466487583456,-34.662499183713784,13062,Led-150,0.8,1.0,1.0,0,0,100,100,25.0
-58.674635041300974,-34.66248399997457,13188,Led-150,0.8,0.921,1.0,1,0,100,100,25.0
-58.67464720334451,-34.662496443870566,13194,Led-150,0.8,0.918,1.0,1,0,100,100,25.0
-58.67465608304214,-34.66243698712803,13240,Led-150,0.8,0.941,1.0,0,0,100,100,25.0
-58.67465406100571,-34.66247253892074,13302,Led-150,0.8,0.985,1.0,1,0,100,100,25.0
-58.67462689678396,-34.66248796210862,13399,Led-240,0.8,0.935,1.0,0,0,100,100,25.0
-58.67460937336631,-34.662484427613904,13673,Led-240,0.8,0.96,1.0,1,0,100,100,25.0
-58.67458773551641,-34.66244521086799,13762,Led-150,0.8,0.967,1.0,0,0,100,100,25.0
-58.674594070073645,-34.66247977007942,13840,Led-150,0.8,0.96,1.0,0,0,100,100,25.0
-58.674595611858344,-34.66246578838174,13940,Led-150,0.8,0.972,1.0,0,0,100,100,25.0
-58.67458860516835,-34.6624812975014,13999,Led-240,0.8,1.0,1.0,0,0,100,100,25.0
-58.67456190405253,-34.6624325076168,14403,Led-240,0.8,0.968,1.0,0,0,100,100,25.0
-58.67455879598857,-34.66247001296497,14478,Led-150,0.8,0.97,1.0,0,0,100,100,25.0
-58.67454268089309,-34.66243368045444,14635,Led-240,0.8,0.97,1.0,0,0,100,100,25.0
-58.674544772871414,-34.66239583979605,14648,Led-150,0.8,0.948,1.0,0,0,100,100,25.0
-58.674479304358385,-34.66244867587797,15531,Led-240,0.8,0.911,1.0,1,0,100,100,25.0
-58.674479078632636,-34.66241681107847,15910,Led-150,0.8,0.995,1.0,0,0,100,100,25.0
-58.67442727374998,-34.66234915426499,16120,Led-150,0.8,0.952,1.0,0,0,100,100,25.0
-58.67444758913498,-34.66244290035144,16129,Led-240,0.8,0.891,1.1,1,0,100,100,25.0
-58.67445971173253,-34.66244668739405,16191,Led-240,0.8,0.972,1.0,0,0,100,100,25.0
-58.67445328756497,-34.66244204826411,16221,Led-240,0.8,0.971,1.0,0,0,100,100,25.0
-58.6744594071036,-34.66240455952013,16249,Led-240,0.8,0.987,1.0,0,0,100,100,25.0
-58.67443931966319,-34.66244010524041,16315,Led-240,0.8,0.936,1.0,1,0,100,100,25.0
-58.67444189752415,-34.66243771716531,16317,Led-240,0.8,0.979,1.0,1,0,100,100,25.0
-58.674424288235834,-34.662432937721434,16393,Led-240,0.8,0.917,1.0,0,0,100,100,25.0
-58.67442328682108,-34.662436179831076,16448,Led-150,0.8,0.927,1.0,1,0,100,100,25.0
-58.67442360742772,-34.66243429013112,16550,Led-150,0.8,0.96,1.0,0,0,100,100,25.0
-58.674402764467345,-34.66243008292232,16728,Led-150,0.8,0.97,1.0,0,0,100,100,25.0
-58.67440264757723,-34.66242983017912,16751,Led-240,0.8,0.97,1.0,0,0,100,100,25.0
-58.67439755582664,-34.66242527038635,16757,Led-240,0.8,0.971,1.0,0,0,100,100,25.0
-58.67439050275775,-34.66242771091419,16847,Led-240,0.8,0.96,1.0,0,0,100,100,25.0
-58.67439366181134,-34.662428223618946,16849,Led-240,0.8,0.968,1.0,0,0,100,100,25.0
-58.67439871532727,-34.66237949869473,16873,Led-240,0.8,0.972,1.0,0,0,100,100,25.0
-58.674382742670204,-34.6624220595253,16917,Led-240,0.8,0.976,1.0,0,0,100,100,25.0
-58.67434677111008,-34.662330218277006,16931,Led-240,0.8,0.978,1.0,0,0,100,100,25.0
-58.67437602524601,-34.66241959614995,16977,Led-240,0.8,0.96,1.0,0,0,100,100,25.0
-58.674379275744286,-34.66238296400574,17039,Led-240,0.8,0.973,1.0,1,0,100,100,25.0
-58.67436831689093,-34.66241837028067,17059,Led-240,0.8,0.968,1.0,1,0,100,100,25.0
-58.674352343246916,-34.6623415288197,17104,Led-150,0.8,0.967,1.0,0,0,100,100,25.0
-58.67434538781514,-34.662414943373726,17363,Led-240,0.8,0.957,1.0,1,0,100,100,25.0
-58.67433998041072,-34.66241040986434,17398,Led-150,0.8,1.0,1.0,1,0,100,100,25.0
-58.6743213317486,-34.66239803335923,17453,Led-240,0.8,0.959,1.0,0,0,100,100,25.0
-58.674336172189484,-34.66241188030428,17456,Led-150,0.8,0.964,1.0,0,0,100,100,25.0
-58.674333686599034,-34.6624115458737,17492,Led-150,0.8,0.962,1.0,0,0,100,100,25.0
-58.6743335275922,-34.662408815822296,17526,Led-150,0.8,0.97,1.0,0,0,100,100,25.0
-58.67432842146218,-34.66241092636652,17530,Led-150,0.8,0.972,1.0,0,0,100,100,25.0
-58.67430618742659,-34.662372655141326,17595,Led-240,0.8,0.961,1.0,0,0,100,100,25.0
-58.67420721627419,-34.66233867755545,18922,Led-150,0.8,0.947,1.0,1,0,100,100,25.0
-58.674162579202445,-34.66228676510313,19176,Led-150,0.8,0.982,1.0,0,0,100,100,25.0
-58.674139434672554,-34.66235097658938,19704,Led-150,0.8,0.959,1.0,0,0,100,100,25.0
-58.67413853225444,-34.66233890855061,19801,Led-240,0.8,0.959,1.0,0,0,100,100,25.0
-58.67414086054286,-34.66228627559407,19840,Led-150,0.8,0.986,1.0,0,0,100,100,25.0
-58.674129214907694,-34.66232509644972,19950,Led-150,0.8,0.978,1.0,1,0,100,100,25.0
-58.674090032911394,-34.66232160334768,20436,Led-150,0.8,0.99,1.0,0,0,100,100,25.0
-58.67407189951487,-34.662331215417474,20556,Led-150,0.8,0.958,1.0,0,0,100,100,25.0
-58.67405346312262,-34.662326296505626,20710,Led-150,0.8,0.948,1.0,1,0,100,100,25.0
-58.67406330841516,-34.66227720885718,20729,Led-240,0.8,0.967,1.0,0,0,100,100,25.0
-58.67411837382721,-34.662283620415295,20742,Led-150,0.8,0.963,1.0,0,0,100,100,25.0
-58.67402800595354,-34.66231747602781,21173,Led-240,0.8,0.958,1.0,0,0,100,100,25.0
-58.67400463554852,-34.6623115703298,21530,Led-150,0.8,0.958,1.0,0,0,100,100,25.0
-58.673991473799724,-34.66230685065487,21650,Led-150,0.8,0.958,1.0,0,0,100,100,25.0
-58.67399367542705,-34.662310253593866,21715,Led-240,0.8,0.97,1.0,0,0,100,100,25.0
-58.67393829442892,-34.66226089516412,22220,Led-150,0.8,0.97,1.0,0,0,100,100,25.0
-58.673999790721986,-34.66224045996564,22386,Led-150,0.8,0.953,1.0,1,0,100,100,25.0
-58.67391493570535,-34.66228119434695,22644,Led-150,0.8,0.97,1.0,0,0,100,100,25.0
-58.674019710007315,-34.66219352736963,22658,Led-150,0.8,0.923,1.0,0,0,100,100,25.0
-58.67389481700458,-34.66222121455642,23025,Led-240,0.8,0.954,1.0,0,0,100,100,25.0
-58.673873447828065,-34.66226666240338,23528,Led-150,0.8,0.958,1.0,1,0,100,100,25.0
-58.67384613577718,-34.662200107086996,23834,Led-150,0.8,0.962,1.0,0,0,100,100,25.0
-58.673823342259176,-34.66222662505674,23933,Led-240,0.8,0.988,1.0,0,0,100,100,25.0
-58.67382959704416,-34.662173389411905,24083,Led-240,0.8,0.94,1.0,1,0,100,100,25.0
-58.673716759965444,-34.66219123713523,25215,Led-240,0.8,0.903,1.0,1,0,100,100,25.0
-58.67370545170623,-34.6622153171002,25725,Led-240,0.8,0.976,1.0,1,0,100,100,25.0
-58.67368871499414,-34.6621795082881,25789,Led-240,0.8,0.986,1.0,0,0,100,100,25.0
-58.6737016554603,-34.6622132502381,25927,Led-240,0.8,0.968,1.0,0,0,100,100,25.0
-58.673666114706386,-34.66217475144994,25957,Led-240,0.8,0.921,1.0,0,0,100,100,25.0
-58.6736545087997,-34.66217526212601,26257,Led-240,0.8,0.97,1.0,1,0,100,100,25.0
-58.67366776478153,-34.66220356237244,26330,Led-150,0.8,0.97,1.0,0,0,100,100,25.0
-58.67363780237505,-34.662166309976634,26461,Led-240,0.8,0.942,1.0,0,0,100,100,25.0
-58.67362739586204,-34.662161990092045,26498,Led-150,0.8,0.944,1.0,0,0,100,100,25.0
-58.673586404634385,-34.662150555718085,26978,Led-150,0.8,0.895,1.1,1,0,100,100,25.0
-58.67361526148354,-34.66218963623949,27035,Led-240,0.8,0.978,1.0,0,0,100,100,25.0
-58.673621808430234,-34.66218825740071,27042,Led-150,0.8,0.978,1.0,0,0,100,100,25.0
-58.673591917211944,-34.66215276954356,27145,Led-240,0.8,0.944,1.0,0,0,100,100,25.0
-58.673595260527144,-34.662106515120946,27269,Led-240,0.8,0.939,1.0,0,0,100,100,25.0
-58.67355709039341,-34.66211645256445,27762,Led-150,0.8,0.981,1.0,0,0,100,100,25.0
-58.673561999154344,-34.6621327622092,27852,Led-150,0.8,0.953,1.0,0,0,100,100,25.0
-58.67351024495878,-34.66214492619314,28533,Led-240,0.8,0.966,1.0,0,0,100,100,25.0
-58.67347864300257,-34.662115108009885,28551,Led-240,0.8,0.993,1.0,0,0,100,100,25.0
-58.67348621584805,-34.662145219317566,28580,Led-150,0.8,0.958,1.0,0,0,100,100,25.0
-58.673566075529195,-34.66206493057193,28731,Led-240,0.8,0.963,1.0,1,0,100,100,25.0
-58.673531936862055,-34.662096645523555,28733,Led-240,0.8,0.944,1.0,1,0,100,100,25.0
-58.67347281080036,-34.66214212800365,28858,Led-150,0.8,0.959,1.0,0,0,100,100,25.0
-58.673463546793826,-34.66213903283524,28974,Led-150,0.8,0.962,1.0,0,0,100,100,25.0
-58.67344434670979,-34.662101671046855,29004,Led-150,0.8,0.955,1.0,0,0,100,100,25.0
-58.67338884907604,-34.662074873298906,29563,Led-240,0.8,0.961,1.0,1,0,100,100,25.0
-58.673403611973455,-34.66208721847591,29596,Led-150,0.8,0.965,1.0,1,0,100,100,25.0
-58.67338318453282,-34.66208501466596,29602,Led-150,0.8,0.943,1.0,1,0,100,100,25.0
-58.673389986760284,-34.662028738945,29714,Led-150,0.8,0.957,1.0,0,0,100,100,25.0
-58.67336643434175,-34.66205191415806,29736,Led-150,0.8,0.98,1.0,0,0,100,100,25.0
-58.67338050465229,-34.66201981143838,29800,Led-150,0.8,0.926,1.0,0,0,100,100,25.0
-58.67336851289815,-34.662068410221146,29824,Led-150,0.8,0.958,1.0,0,0,100,100,25.0
-58.67336442859675,-34.66207819684602,29942,Led-150,0.8,0.945,1.0,1,0,100,100,25.0
-58.67327731105803,-34.662024482205176,30502,Led-150,0.8,0.871,1.4,1,0,100,100,25.0
-58.6732959025475,-34.66200643076273,30508,Led-150,0.8,0.956,1.0,1,0,100,100,25.0
-58.673306468724974,-34.66208889030134,30617,Led-240,0.8,0.888,1.2,1,0,100,100,25.0
-58.67326926215169,-34.66204817123283,30862,Led-150,0.8,0.963,1.0,0,0,100,100,25.0
-58.67324818459434,-34.662069417142284,31388,Led-150,0.8,0.966,1.0,1,0,100,100,25.0
-58.67321915925704,-34.66203376382054,31518,Led-150,0.8,0.961,1.0,0,0,100,100,25.0
-58.67320442783288,-34.66202734306261,31664,Led-150,0.8,0.958,1.0,0,0,100,100,25.0
-58.67320016133916,-34.662014554751124,31753,Led-240,0.8,0.956,1.0,0,0,100,100,25.0
-58.673140864016936,-34.66203368474844,32458,Led-150,0.8,0.953,1.0,0,0,100,100,25.0
-58.673138571853144,-34.662032803540704,32468,Led-150,0.8,0.963,1.0,0,0,100,100,25.0
-58.67314045541197,-34.66203352567913,32469,Led-240,0.8,0.97,1.0,0,0,100,100,25.0
-58.673134479378376,-34.662002619750716,32478,Led-150,0.8,0.954,1.0,0,0,100,100,25.0
-58.67311957521738,-34.662027052703316,32613,Led-240,0.8,0.929,1.0,1,0,100,100,25.0
-58.6731047285538,-34.66202257603953,32714,Led-150,0.8,0.962,1.0,0,0,100,100,25.0
-58.673125258447016,-34.661971299782564,32972,Led-150,0.8,0.957,1.0,0,0,100,100,25.0
-58.67307354754832,-34.661978466390664,33042,Led-150,0.8,0.933,1.0,1,0,100,100,25.0
-58.67304935605595,-34.66193214416815,33272,Led-150,0.8,0.963,1.0,0,0,100,100,25.0
-58.67303759065006,-34.661973144087,33295,Led-240,0.8,0.963,1.0,0,0,100,100,25.0
-58.67311322900283,-34.66192486383875,33529,Led-240,0.8,0.978,1.0,1,0,100,100,25.0
-58.673084994927876,-34.66195382467757,33532,Led-150,0.8,0.984,1.0,1,0,100,100,25.0
-58.673024082847384,-34.66191154459567,33559,Led-240,0.8,0.952,1.0,1,0,100,100,25.0
-58.67307780336323,-34.661944175112026,33607,Led-240,0.8,0.963,1.0,0,0,100,100,25.0
-58.67300416618789,-34.66196273957148,33626,Led-150,0.8,0.992,1.0,0,0,100,100,25.0
-58.67306936033569,-34.661925946944294,33777,Led-240,0.8,0.956,1.0,0,0,100,100,25.0
-58.67299818559199,-34.66197798315822,33793,Led-240,0.8,0.963,1.0,0,0,100,100,25.0
-58.67305519824864,-34.661919243942876,33888,Led-150,0.8,0.934,1.0,1,0,100,100,25.0
-58.673036720113906,-34.66194386351613,33907,Led-240,0.8,0.987,1.0,0,0,100,100,25.0
-58.672921950010576,-34.661932676415155,34398,Led-150,0.8,0.969,1.0,1,0,100,100,25.0
-58.672947011415786,-34.66193448016147,34471,Led-240,0.8,0.958,1.0,1,0,100,100,25.0
-58.672923272087225,-34.66193698725136,34482,Led-150,0.8,0.96,1.0,1,0,100,100,25.0
-58.67294491103091,-34.6619055233616,34658,Led-150,0.8,0.957,1.0,0,0,100,100,25.0
-58.672930336485706,-34.661933820735854,34672,Led-150,0.8,0.958,1.0,0,0,100,100,25.0
-58.672889500532335,-34.661911714938306,34967,Led-240,0.8,0.967,1.0,0,0,100,100,25.0
-58.6728336992838,-34.66186238485279,35238,Led-150,0.8,0.955,1.0,0,0,100,100,25.0
-58.67283197414888,-34.6618971880536,35259,Led-240,0.8,0.935,1.0,0,0,100,100,25.0
-58.672792002947915,-34.66188806913839,35391,Led-240,0.8,0.868,1.4,1,0,100,100,25.0
-58.67272883287235,-34.66187070801685,35879,Led-240,0.8,0.952,1.0,0,0,100,100,25.0
-58.67274804075037,-34.66186537054861,35923,Led-240,0.8,0.894,1.1,0,0,100,100,25.0
-58.6727019875459,-34.661858573483144,36059,Led-240,0.8,0.936,1.0,0,0,100,100,25.0
-58.672713900314314,-34.66189518352156,36232,Led-150,0.8,0.946,1.0,1,0,100,100,25.0
-58.672674640298105,-34.66185095439716,36274,Led-150,0.8,0.924,1.0,0,0,100,100,25.0
-58.67269802648673,-34.6618571470745,36396,Led-150,0.8,0.94,1.0,0,0,100,100,25.0
-58.67263809237545,-34.66184195252779,36687,Led-240,0.8,0.951,1.0,0,0,100,100,25.0
-58.67264242396975,-34.66187379934041,36892,Led-150,0.8,0.966,1.0,0,0,100,100,25.0
-58.67260109319422,-34.66183147064821,37019,Led-240,0.8,0.937,1.0,1,0,100,100,25.0
-58.67262786524157,-34.66183628521079,37100,Led-150,0.8,0.958,1.0,1,0,100,100,25.0
-58.67261531122519,-34.66183087574667,37169,Led-240,0.8,0.94,1.0,0,0,100,100,25.0
-58.672597770590656,-34.66186097972432,37207,Led-240,0.8,0.956,1.0,0,0,100,100,25.0
-58.67252996721497,-34.66178661307155,38057,Led-240,0.8,0.958,1.0,0,0,100,100,25.0
-58.67254483255341,-34.66175285000606,38132,Led-150,0.8,0.94,1.0,0,0,100,100,25.0
-58.67252674233349,-34.66174668742663,38314,Led-150,0.8,0.949,1.0,0,0,100,100,25.0
-58.67249276337192,-34.661824992400355,38335,Led-240,0.8,0.953,1.0,1,0,100,100,25.0
-58.672491890893674,-34.66182464520885,38385,Led-240,0.8,0.968,1.0,1,0,100,100,25.0
-58.67248958151805,-34.661824000317075,38399,Led-240,0.8,0.959,1.0,1,0,100,100,25.0
-58.67247374342593,-34.66181964607561,38605,Led-240,0.8,0.968,1.0,0,0,100,100,25.0
-58.6723992425156,-34.661797450339414,39303,Led-240,0.8,0.949,1.0,0,0,100,100,25.0
-58.67240360358811,-34.66179814793266,39365,Led-240,0.8,0.958,1.0,0,0,100,100,25.0
-58.672387874223524,-34.661758677955625,39370,Led-150,0.8,0.969,1.0,0,0,100,100,25.0
-58.67238810022549,-34.66179402093976,39391,Led-240,0.8,0.953,1.0,1,0,100,100,25.0
-58.672357438624665,-34.66175696209947,39606,Led-150,0.8,0.923,1.0,0,0,100,100,25.0
-58.67237901497757,-34.661751026024746,39629,Led-240,0.8,0.993,1.0,0,0,100,100,25.0
-58.67236758325498,-34.66178705261375,39766,Led-150,0.8,0.958,1.0,0,0,100,100,25.0
-58.672349386586916,-34.661782034716076,39864,Led-150,0.8,0.966,1.0,0,0,100,100,25.0
-58.67233811257458,-34.66175118351688,39891,Led-240,0.8,0.959,1.0,0,0,100,100,25.0
-58.67234111868588,-34.66174085175898,40218,Led-150,0.8,0.955,1.0,0,0,100,100,25.0
-58.67231005585995,-34.661727012026624,40379,Led-240,0.8,0.945,1.0,0,0,100,100,25.0
-58.672290860265754,-34.66173579132554,40674,Led-150,0.8,0.965,1.0,0,0,100,100,25.0
-58.67226819265786,-34.661688356114794,40909,Led-240,0.8,0.958,1.0,0,0,100,100,25.0
-58.672274997264644,-34.661756294625235,40948,Led-150,0.8,0.946,1.0,0,0,100,100,25.0
-58.6722551270225,-34.66171029917848,41068,Led-150,0.8,0.921,1.0,1,0,100,100,25.0
-58.672290827207924,-34.66166605741467,41089,Led-240,0.8,0.917,1.0,1,0,100,100,25.0
-58.67222392815446,-34.66174075296472,41303,Led-240,0.8,0.878,1.3,1,0,100,100,25.0
-58.6722618795884,-34.661663229301745,41426,Led-150,0.8,0.947,1.0,0,0,100,100,25.0
-58.67221429391968,-34.661693517129336,41729,Led-240,0.8,0.961,1.0,0,0,100,100,25.0
-58.67216993164845,-34.6616972516766,41810,Led-150,0.8,0.931,1.0,0,0,100,100,25.0
-58.67209678055406,-34.66165808817542,42806,Led-150,0.8,0.971,1.0,0,0,100,100,25.0
-58.672079787196516,-34.66166059844189,43000,Led-150,0.8,0.95,1.0,0,0,100,100,25.0
-58.67206552109464,-34.66165676595014,43129,Led-240,0.8,0.96,1.0,1,0,100,100,25.0
-58.67206446084085,-34.66164795404272,43180,Led-150,0.8,0.958,1.0,0,0,100,100,25.0
-58.67203959472584,-34.66165112538701,43210,Led-150,0.8,0.971,1.0,0,0,100,100,25.0
-58.67200544998934,-34.66164296613809,43452,Led-150,0.8,0.921,1.0,1,0,100,100,25.0
-58.67201300419033,-34.66164404376569,43518,Led-150,0.8,0.966,1.0,1,0,100,100,25.0
-58.67195333617803,-34.661624498484414,43757,Led-240,0.8,0.85,1.7,1,0,100,100,25.0
-58.671973944767515,-34.66166131600076,43931,Led-240,0.8,0.936,1.0,1,0,100,100,25.0
-58.671940700805294,-34.66158881837334,43984,Led-150,0.8,0.943,1.0,0,0,100,100,25.0
-58.67195490757901,-34.66161145120761,44150,Led-150,0.8,0.955,1.0,0,0,100,100,25.0
-58.67195137880728,-34.66165166500042,44222,Led-150,0.8,0.968,1.0,0,0,100,100,25.0
-58.671939057163065,-34.661605526184324,44287,Led-240,0.8,0.954,1.0,1,0,100,100,25.0
-58.67191269800401,-34.66164081843523,44571,Led-240,0.8,0.933,1.0,0,0,100,100,25.0
-58.671883163998245,-34.66160153897545,44748,Led-150,0.8,0.968,1.0,0,0,100,100,25.0
-58.67185437253427,-34.66159277255103,45000,Led-150,0.8,0.943,1.0,0,0,100,100,25.0
-58.671788808442656,-34.66155872924481,45886,Led-150,0.8,0.944,1.0,0,0,100,100,25.0
-58.67174827896281,-34.66155998714093,46090,Led-150,0.8,0.948,1.0,0,0,100,100,25.0
-58.67174505271187,-34.66155880692819,46095,Led-240,0.8,0.96,1.0,0,0,100,100,25.0
-58.67173429512183,-34.66155408985719,46168,Led-150,0.8,0.944,1.0,1,0,100,100,25.0
-58.671657699661544,-34.66152984795307,46626,Led-150,0.8,0.811,2.2,2,0,100,100,25.0
-58.67174291366692,-34.66149546552725,46691,Led-240,0.8,0.925,1.0,1,0,100,100,25.0
-58.67171896124628,-34.661485936827745,47003,Led-240,0.8,0.956,1.0,0,0,100,100,25.0
-58.67169764211461,-34.661482531172645,47125,Led-240,0.8,0.915,1.0,1,0,100,100,25.0
-58.67165010037316,-34.661558001065295,47362,Led-150,0.8,1.0,1.0,0,0,100,100,25.0
-58.67163492185399,-34.66150449852431,47467,Led-240,0.8,0.954,1.0,0,0,100,100,25.0
-58.67156900044439,-34.66149346628957,47960,Led-150,0.8,0.913,1.0,0,0,100,100,25.0
-58.67155653040887,-34.66149860027083,47999,Led-240,0.8,0.991,1.0,0,0,100,100,25.0
-58.671551481599465,-34.661496174805634,48082,Led-150,0.8,0.946,1.0,0,0,100,100,25.0
-58.67153854776076,-34.661483306151936,48309,Led-240,0.8,0.943,1.0,0,0,100,100,25.0
-58.67150851936682,-34.66147870321416,48633,Led-240,0.8,0.953,1.0,0,0,100,100,25.0
-58.671482247520245,-34.66145108085699,48668,Led-150,0.8,0.995,1.0,0,0,100,100,25.0
-58.67145372860217,-34.66146750069321,48992,Led-150,0.8,0.949,1.0,0,0,100,100,25.0
-58.67138157894014,-34.66144356264646,49796,Led-150,0.8,0.908,1.0,1,0,100,100,25.0
-58.671404601798265,-34.66142910915724,49884,Led-150,0.8,0.991,1.0,1,0,100,100,25.0
-58.67133706791742,-34.66142965860413,50149,Led-240,0.8,0.875,1.3,1,0,100,100,25.0
-58.671381816409195,-34.661412061738474,50245,Led-240,0.8,0.938,1.0,1,0,100,100,25.0
-58.67135102064443,-34.66143402605346,50296,Led-150,0.8,0.997,1.0,0,0,100,100,25.0
-58.67132809079962,-34.661428897905296,50398,Led-150,0.8,0.909,1.0,0,0,100,100,25.0
-58.671356872695355,-34.6614171888367,50551,Led-240,0.8,0.959,1.0,0,0,100,100,25.0
-58.67131959515676,-34.66140988964874,50646,Led-150,0.8,0.94,1.0,1,0,100,100,25.0
-58.671303029675514,-34.66141919340585,50654,Led-150,0.8,0.949,1.0,0,0,100,100,25.0
-58.67126219081964,-34.66140733978196,51124,Led-150,0.8,0.956,1.0,0,0,100,100,25.0
-58.67124957524983,-34.66140209158168,51408,Led-150,0.8,0.995,1.0,0,0,100,100,25.0
-58.6712446496412,-34.6613837641764,51432,Led-150,0.8,0.96,1.0,0,0,100,100,25.0
-58.671260215069765,-34.66138462800569,51461,Led-240,0.8,0.945,1.0,0,0,100,100,25.0
-58.67122259805375,-34.6613817384361,51597,Led-240,0.8,0.939,1.0,1,0,100,100,25.0
-58.671240864708835,-34.66138095286252,51598,Led-150,0.8,0.943,1.0,1,0,100,100,25.0
-58.67121907497508,-34.66142077878066,51667,Led-240,0.8,0.951,1.0,1,0,100,100,25.0
-58.671221819936875,-34.661421142450486,51684,Led-150,0.8,0.956,1.0,0,0,100,100,25.0
-58.671202233822825,-34.66136646104908,51789,Led-240,0.8,0.945,1.0,0,0,100,100,25.0
-58.67120576670351,-34.66138964237301,51792,Led-150,0.8,0.96,1.0,0,0,100,100,25.0
-58.671217025153545,-34.6613871590478,51810,Led-150,0.8,0.968,1.0,0,0,100,100,25.0
-58.6712062364752,-34.66141656492397,51828,Led-150,0.8,0.963,1.0,0,0,100,100,25.0
-58.671196729357284,-34.66137910069693,51879,Led-240,0.8,0.915,1.0,1,0,100,100,25.0
-58.67117815451525,-34.66140848882974,51923,Led-240,0.8,0.9,1.0,1,0,100,100,25.0
-58.67118498925765,-34.661410858295895,51924,Led-150,0.8,0.961,1.0,0,0,100,100,25.0
-58.67118121270357,-34.661351855644874,51950,Led-150,0.8,0.963,1.0,0,0,100,100,25.0
-58.6711530091762,-34.661401516187055,51995,Led-240,0.8,0.916,1.0,1,0,100,100,25.0
-58.671196820695215,-34.6613637539405,52041,Led-240,0.8,0.95,1.0,0,0,100,100,25.0
-58.67119777398031,-34.661352663129044,52066,Led-150,0.8,0.951,1.0,0,0,100,100,25.0
-58.6711390416834,-34.66136259190081,52208,Led-150,0.8,0.944,1.0,0,0,100,100,25.0
-58.67109753614031,-34.66138582484597,52416,Led-150,0.8,0.821,2.0,2,0,100,100,25.0
-58.67113004509312,-34.66134567986153,52532,Led-150,0.8,0.935,1.0,0,0,100,100,25.0
-58.67109403463674,-34.66135399958669,52892,Led-150,0.8,0.947,1.0,1,0,100,100,25.0
-58.67104732070941,-34.66134253718099,52941,Led-240,0.8,0.944,1.0,1,0,100,100,25.0
-58.671079685396414,-34.66130284156331,52944,Led-150,0.8,0.966,1.0,1,0,100,100,25.0
-58.671047300466675,-34.66131143386,53268,Led-150,0.8,0.985,1.0,0,0,100,100,25.0
-58.67103518960994,-34.66136778843882,53405,Led-240,0.8,0.958,1.0,1,0,100,100,25.0
-58.671034023020646,-34.66133198875482,53511,Led-240,0.8,0.938,1.0,0,0,100,100,25.0
-58.671027487698964,-34.661313613294936,53714,Led-150,0.8,0.954,1.0,0,0,100,100,25.0
-58.671029760582734,-34.661275922269795,53766,Led-150,0.8,0.943,1.0,0,0,100,100,25.0
-58.67101769994205,-34.66131920203744,53775,Led-240,0.8,0.939,1.0,1,0,100,100,25.0
-58.67098834208006,-34.66135423967162,53815,Led-240,0.8,0.962,1.0,1,0,100,100,25.0
-58.67095236555933,-34.66131576622472,53879,Led-240,0.8,0.944,1.0,0,0,100,100,25.0
-58.67099764393826,-34.66129870471083,53904,Led-150,0.8,0.96,1.0,0,0,100,100,25.0
-58.67098762393916,-34.66132117239967,53911,Led-240,0.8,0.962,1.0,0,0,100,100,25.0
-58.6709783552025,-34.661305753316796,54003,Led-240,0.8,0.957,1.0,0,0,100,100,25.0
-58.670909619292544,-34.66130303071235,54155,Led-240,0.8,0.956,1.0,0,0,100,100,25.0
-58.67093986370778,-34.66130919579047,54169,Led-240,0.8,0.956,1.0,0,0,100,100,25.0
-58.670934870551136,-34.661294862810195,54226,Led-150,0.8,0.997,1.0,0,0,100,100,25.0
-58.67092129977147,-34.66129974161738,54271,Led-240,0.8,0.961,1.0,0,0,100,100,25.0
-58.67087461132347,-34.661293070650544,54307,Led-240,0.8,0.941,1.0,0,0,100,100,25.0
-58.67090769502911,-34.661295850833525,54354,Led-150,0.8,0.958,1.0,1,0,100,100,25.0
-58.6708738598346,-34.66132058519688,54572,Led-150,0.8,0.966,1.0,0,0,100,100,25.0
-58.67083497082598,-34.66128290562203,54578,Led-150,0.8,0.913,1.0,0,0,100,100,25.0
-58.67083580963781,-34.661309476673495,54875,Led-240,0.8,0.94,1.0,0,0,100,100,25.0
-58.670843908427365,-34.661273954560755,54889,Led-240,0.8,0.944,1.0,0,0,100,100,25.0
-58.67078461886356,-34.661266807208285,55109,Led-240,0.8,0.947,1.0,0,0,100,100,25.0
-58.67079179608668,-34.661260431087776,55449,Led-240,0.8,0.95,1.0,0,0,100,100,25.0
-58.67069953962669,-34.66123731877989,55799,Led-240,0.8,0.937,1.0,0,0,100,100,25.0
-58.670677653900896,-34.66126046187311,56368,Led-150,0.8,1.0,1.0,0,0,100,100,25.0
-58.6706770387694,-34.66122597217409,56526,Led-150,0.8,0.956,1.0,0,0,100,100,25.0
-58.6706828448244,-34.66120295854925,56542,Led-150,0.8,0.949,1.0,0,0,100,100,25.0
-58.670621929846654,-34.66115552298534,57294,Led-150,0.8,0.948,1.0,0,0,100,100,25.0
-58.67058379071155,-34.6612331013629,57310,Led-150,0.8,0.956,1.0,0,0,100,100,25.0
-58.67058743288623,-34.66123394980232,57356,Led-150,0.8,0.958,1.0,0,0,100,100,25.0
-58.670556560910754,-34.66122441726615,57599,Led-240,0.8,0.931,1.0,1,0,100,100,25.0
-58.67048070919644,-34.66118706712488,58841,Led-240,0.8,0.97,1.0,0,0,100,100,25.0
-58.67044936087802,-34.66116342718223,58902,Led-150,0.8,0.961,1.0,1,0,100,100,25.0
-58.67043519222675,-34.66115916122852,59148,Led-150,0.8,0.967,1.0,0,0,100,100,25.0
-58.67046477934622,-34.66114812183375,59321,Led-240,0.8,0.956,1.0,0,0,100,100,25.0
-58.67044623978789,-34.66117662896451,59326,Led-150,0.8,0.956,1.0,0,0,100,100,25.0
-58.670377809360716,-34.66113960622437,59876,Led-150,0.8,0.948,1.0,0,0,100,100,25.0
-58.67040262454633,-34.66115670225573,60076,Led-150,0.8,0.957,1.0,0,0,100,100,25.0
-58.67037345865271,-34.66116973538246,60146,Led-150,0.8,0.943,1.0,1,0,100,100,25.0
-58.67038660358293,-34.661130695565745,60174,Led-150,0.8,0.981,1.0,0,0,100,100,25.0
-58.67039312308132,-34.661104135043004,60263,Led-240,0.8,0.938,1.0,1,0,100,100,25.0
-58.670383573565104,-34.66109888231644,60331,Led-240,0.8,0.951,1.0,1,0,100,100,25.0
-58.670352410664634,-34.66116542512663,60537,Led-240,0.8,0.945,1.0,0,0,100,100,25.0
-58.67035245149952,-34.66116533452486,60875,Led-240,0.8,0.949,1.0,0,0,100,100,25.0
-58.67032959889013,-34.661158751824566,61046,Led-150,0.8,0.959,1.0,1,0,100,100,25.0
-58.67033291500216,-34.66113653972623,61159,Led-240,0.8,0.967,1.0,0,0,100,100,25.0
-58.67031909694341,-34.66115526194968,61218,Led-150,0.8,0.968,1.0,0,0,100,100,25.0
-58.67030524586701,-34.66115067449045,61439,Led-240,0.8,0.957,1.0,0,0,100,100,25.0
-58.670322808652585,-34.661061456129254,61842,Led-150,0.8,0.964,1.0,0,0,100,100,25.0
-58.670270428368696,-34.6611417727042,62026,Led-150,0.8,0.96,1.0,0,0,100,100,25.0
-58.670249821046276,-34.66113492477566,62396,Led-150,0.8,0.97,1.0,0,0,100,100,25.0
-58.67021713324498,-34.66109173611868,62678,Led-150,0.8,0.964,1.0,0,0,100,100,25.0
-58.670152728076474,-34.66107553429547,63559,Led-240,0.8,0.972,1.0,1,0,100,100,25.0
-58.67014330913815,-34.661073554635585,63732,Led-150,0.8,0.961,1.0,0,0,100,100,25.0
-58.670123902717634,-34.66107179752664,64111,Led-240,0.8,0.996,1.0,1,0,100,100,25.0
-58.67010069230528,-34.66106294262616,64496,Led-150,0.8,0.968,1.0,0,0,100,100,25.0
-58.67010456884076,-34.66109548513714,64664,Led-150,0.8,0.971,1.0,1,0,100,100,25.0
-58.670087920809834,-34.66106236141556,64765,Led-240,0.8,0.974,1.0,0,0,100,100,25.0
-58.6700913332724,-34.66109755353258,65030,Led-150,0.8,0.974,1.0,0,0,100,100,25.0
-58.67009188415072,-34.66109515224804,65286,Led-150,0.8,1.0,1.0,0,0,100,100,25.0
-58.6700689264264,-34.6610958866304,65497,Led-240,0.8,0.981,1.0,0,0,100,100,25.0
-58.6699554298806,-34.66118661210019,68133,Led-240,0.8,0.979,1.0,0,0,100,100,25.0
-58.66991403968575,-34.66114050869921,68573,Led-240,0.8,0.931,1.0,0,0,100,100,25.0
-58.6699797659903,-34.661208603776416,68854,Led-150,0.8,0.933,1.0,0,0,100,100,25.0
-58.66991187874365,-34.661274527048135,68877,Led-240,0.8,0.97,1.0,0,0,100,100,25.0
-58.66996013150436,-34.66125357259346,69772,Led-150,0.8,0.922,1.0,0,0,100,100,25.0
-58.669865867525765,-34.66134184833616,70298,Led-150,0.8,0.972,1.0,0,0,100,100,25.0
-58.669852261779134,-34.66138588577629,71281,Led-240,0.8,0.97,1.0,0,0,100,100,25.0
-58.66976500830796,-34.66155488516157,74321,Led-240,0.8,1.0,1.0,0,0,100,100,25.0
-58.669759456970276,-34.661566000754135,74570,Led-150,0.8,1.0,1.0,0,0,100,100,25.0
-58.66969483294878,-34.66172991142517,77803,Led-240,0.8,1.0,1.0,1,0,100,100,25.0
-58.66967580773395,-34.661739304877656,80161,Led-240,0.8,0.984,1.0,0,0,100,100,25.0
-58.66957594065155,-34.66185344975636,81362,Led-150,0.8,0.988,1.0,0,0,100,100,25.0
-58.66953983929623,-34.661826866513586,81868,Led-150,0.8,0.975,1.0,0,0,100,100,25.0
-58.66955122451256,-34.66186231650228,81880,Led-150,0.8,0.982,1.0,1,0,100,100,25.0
-58.669557581794024,-34.66186292555298,81913,Led-240,0.8,0.999,1.0,1,0,100,100,25.0
-58.66953960125465,-34.661835127667224,82033,Led-240,0.8,0.985,1.0,0,0,100,100,25.0
-58.66952020073758,-34.66184256780549,82463,Led-240,0.8,0.99,1.0,0,0,100,100,25.0
-58.669516887656535,-34.66184243116059,82523,Led-240,0.8,0.987,1.0,0,0,100,100,25.0
-58.66951709523275,-34.661874958814934,82617,Led-240,0.8,0.968,1.0,1,0,100,100,25.0
-58.66951344816519,-34.66187553608156,82706,Led-150,0.8,0.985,1.0,0,0,100,100,25.0
-58.66949523493805,-34.66183978685918,82718,Led-150,0.8,0.987,1.0,0,0,100,100,25.0
-58.66949956821759,-34.661810488440736,82828,Led-150,0.8,0.959,1.0,0,0,100,100,25.0
-58.669477258368936,-34.66178199436504,83088,Led-150,0.8,0.964,1.0,0,0,100,100,25.0
-58.66948712902614,-34.66181613483842,83192,Led-150,0.8,0.977,1.0,0,0,100,100,25.0
-58.66947308744974,-34.66184826827114,83317,Led-240,0.8,0.985,1.0,0,0,100,100,25.0
-58.669514013838366,-34.661833457280295,84735,Led-240,0.8,0.9,1.2,0,0,100,100,25.0
-58.6695168869514,-34.66182996566723,84753,Led-240,0.8,0.974,1.0,0,0,100,100,25.0
-58.66939271061522,-34.661947394477465,86447,Led-240,0.8,0.987,1.0,0,0,100,100,25.0
-58.66940397031706,-34.66195697084875,86660,Led-150,0.8,0.981,1.0,0,0,100,100,25.0
-58.6693868148314,-34.66198006921301,87512,Led-150,0.8,1.0,1.0,1,0,100,100,25.0
-58.66937590932527,-34.662006038475795,88443,Led-240,0.8,0.981,1.0,1,0,100,100,25.0
-58.669366722990574,-34.66202601696764,89255,Led-240,0.8,0.987,1.0,0,0,100,100,25.0
-58.66935554610292,-34.66205337243286,90212,Led-150,0.8,1.0,1.0,0,0,100,100,25.0
-58.66933350462705,-34.66209505424576,91570,Led-150,0.8,0.987,1.0,0,0,100,100,25.0
-58.66932775230888,-34.662108920235845,92008,Led-150,0.8,1.0,1.0,0,0,100,100,25.0
-58.66929600052625,-34.66212975308242,93362,Led-150,0.8,0.989,1.0,0,0,100,100,25.0
-58.669294923369385,-34.662132568588554,93478,Led-150,0.8,0.98,1.0,0,0,100,100,25.0
-58.66929244198944,-34.662135644611936,93744,Led-150,0.8,0.988,1.0,0,0,100,100,25.0
-58.66929504851795,-34.66214199311547,93992,Led-150,0.8,1.0,1.0,1,0,100,100,25.0
-58.66928878398478,-34.662139203568344,94157,Led-240,0.8,0.981,1.0,0,0,100,100,25.0
-58.66928509171453,-34.6621454099542,94316,Led-150,0.8,0.969,1.0,1,0,100,100,25.0
-58.6692795717965,-34.66215307967358,94987,Led-240,0.8,0.982,1.0,1,0,100,100,25.0
-58.66927399779562,-34.66216095114456,95315,Led-240,0.8,0.958,1.0,1,0,100,100,25.0
-58.66927042416751,-34.66216695218172,96146,Led-150,0.8,0.987,1.0,0,0,100,100,25.0
-58.66926831358899,-34.662168742399594,96321,Led-240,0.8,0.989,1.0,0,0,100,100,25.0
-58.669264922371326,-34.66217377128201,96649,Led-240,0.8,0.99,1.0,0,0,100,100,25.0
-58.66926234253592,-34.66217674385205,96842,Led-150,0.8,0.989,1.0,0,0,100,100,25.0
-58.669262135119084,-34.662177696173735,97052,Led-150,0.8,0.988,1.0,0,0,100,100,25.0
-58.669266187675404,-34.662182306703826,97093,Led-240,0.8,0.987,1.0,0,0,100,100,25.0
-58.6692621432172,-34.66217978857595,97147,Led-240,0.8,1.0,1.0,0,0,100,100,25.0
-58.669259305625054,-34.662182152498715,97291,Led-240,0.8,0.991,1.0,0,0,100,100,25.0
-58.6692594391313,-34.66218209186296,97295,Led-240,0.8,0.989,1.0,0,0,100,100,25.0
-58.66925932453471,-34.66218252058259,97456,Led-150,0.8,1.0,1.0,1,0,100,100,25.0
-58.66925937139589,-34.6621825726696,97500,Led-150,0.8,1.0,1.0,0,0,100,100,25.0
-58.66925944016932,-34.66218264826451,97503,Led-240,0.8,1.0,1.0,0,0,100,100,25.0
-58.669263149882184,-34.66218815098203,97560,Led-150,0.8,0.987,1.0,0,0,100,100,25.0
-58.66925823514399,-34.66218532252638,97611,Led-240,0.8,0.987,1.0,0,0,100,100,25.0
-58.66925657386277,-34.66218532851304,97668,Led-150,0.8,1.0,1.0,0,0,100,100,25.0
-58.66925599694694,-34.66212275793963,97715,Led-240,0.8,0.983,1.0,0,0,100,100,25.0
-58.6692566575933,-34.662185421241,97735,Led-240,0.8,0.999,1.0,1,0,100,100,25.0
-58.669256548149725,-34.66218530012337,97775,Led-240,0.8,1.0,1.0,1,0,100,100,25.0
-58.66926170350637,-34.66218922022906,97859,Led-240,0.8,1.0,1.0,0,0,100,100,25.0
-58.669256518892084,-34.662185267727224,97865,Led-240,0.8,1.0,1.0,0,0,100,100,25.0
-58.66925665596024,-34.66218541929643,97907,Led-240,0.8,1.0,1.0,0,0,100,100,25.0
-58.669261702672166,-34.66218922057931,98038,Led-150,0.8,1.0,1.0,1,0,100,100,25.0
-58.66925651377917,-34.662185262029645,98048,Led-150,0.8,1.0,1.0,1,0,100,100,25.0
-58.66918120789032,-34.662108066814746,98067,Led-240,0.8,0.981,1.0,0,0,100,100,25.0
-58.66925667110631,-34.66218543600286,98077,Led-240,0.8,1.0,1.0,0,0,100,100,25.0
-58.66925666492873,-34.66218542905753,98181,Led-240,0.8,1.0,1.0,0,0,100,100,25.0
-58.66926036920702,-34.66218925911987,98212,Led-150,0.8,0.999,1.0,0,0,100,100,25.0
-58.66926889093397,-34.66218842734166,98274,Led-150,0.8,1.0,1.0,1,0,100,100,25.0
-58.66926848676739,-34.662188364697,98375,Led-240,0.8,1.0,1.0,0,0,100,100,25.0
-58.66925654838042,-34.66218530041912,98381,Led-240,0.8,1.0,1.0,0,0,100,100,25.0
-58.66926766821475,-34.66218827692284,98397,Led-240,0.8,1.0,1.0,0,0,100,100,25.0
-58.66926366443787,-34.66218858514331,98412,Led-150,0.8,1.0,1.0,0,0,100,100,25.0
-58.66925682227769,-34.6621856203853,98415,Led-240,0.8,0.999,1.0,0,0,100,100,25.0
-58.66923744265663,-34.66216573024779,98416,Led-150,0.8,0.995,1.0,0,0,100,100,25.0
-58.66925697927023,-34.662128037385735,98437,Led-240,0.8,0.996,1.0,0,0,100,100,25.0
-58.66925852214249,-34.66217262469307,98476,Led-150,0.8,0.975,1.0,1,0,100,100,25.0
-58.66925937972177,-34.66218535959206,98479,Led-240,0.8,1.0,1.0,1,0,100,100,25.0
-58.66926045994667,-34.66218935223632,98549,Led-240,0.8,1.0,1.0,0,0,100,100,25.0
-58.66923002633545,-34.662145098016666,98550,Led-150,0.8,0.969,1.0,0,0,100,100,25.0
-58.669313305849045,-34.66214822601387,98573,Led-240,0.8,0.99,1.0,0,0,100,100,25.0
-58.66923049927308,-34.66214575761271,98575,Led-240,0.8,0.98,1.0,0,0,100,100,25.0
-58.66924155460547,-34.66216993074337,98585,Led-240,0.8,0.992,1.0,0,0,100,100,25.0
-58.66926336210288,-34.662189223618924,98596,Led-150,0.8,0.987,1.0,1,0,100,100,25.0
-58.669258642371716,-34.66218531220163,98606,Led-150,0.8,0.988,1.0,1,0,100,100,25.0
-58.66924277447061,-34.66216857196643,98617,Led-240,0.8,0.99,1.0,1,0,100,100,25.0
-58.669259193389166,-34.66218576260204,98618,Led-150,0.8,0.989,1.0,0,0,100,100,25.0
-58.66925643836929,-34.6621681643235,98640,Led-150,0.8,0.99,1.0,0,0,100,100,25.0
-58.669258689673306,-34.662185364850615,98645,Led-240,0.8,0.988,1.0,0,0,100,100,25.0
-58.66918519609566,-34.66211121104434,98665,Led-240,0.8,0.986,1.0,0,0,100,100,25.0
-58.66931414475882,-34.662147828783624,98668,Led-150,0.8,0.99,1.0,0,0,100,100,25.0
-58.669226616427196,-34.66213969816566,98676,Led-150,0.8,0.986,1.0,1,0,100,100,25.0
-58.669239761774016,-34.66216786910076,98678,Led-150,0.8,0.99,1.0,0,0,100,100,25.0
-58.66925695791699,-34.66218531452659,98681,Led-240,0.8,0.99,1.0,1,0,100,100,25.0
-58.669314744589975,-34.662148680986306,98728,Led-150,0.8,0.988,1.0,0,0,100,100,25.0
-58.66926880042754,-34.66218841218387,98750,Led-150,0.8,1.0,1.0,1,0,100,100,25.0
-58.66923762944098,-34.662165913605335,98758,Led-150,0.8,0.996,1.0,0,0,100,100,25.0
-58.66929068864132,-34.662171067520134,98763,Led-240,0.8,0.998,1.0,0,0,100,100,25.0
-58.66926366696852,-34.66218858455077,98766,Led-150,0.8,1.0,1.0,0,0,100,100,25.0
-58.66926075473715,-34.66218963448052,98777,Led-240,0.8,1.0,1.0,0,0,100,100,25.0
-58.66926169522407,-34.66218922370813,98804,Led-150,0.8,1.0,1.0,1,0,100,100,25.0
-58.669256968126646,-34.66212794104397,98811,Led-240,0.8,0.998,1.0,0,0,100,100,25.0
-58.669256955654006,-34.6621857563935,98826,Led-150,0.8,0.998,1.0,1,0,100,100,25.0
-58.66925657959578,-34.66218388575363,98868,Led-150,0.8,0.987,1.0,3,0,100,100,25.0
-58.669256654955966,-34.66218541827657,98889,Led-240,0.8,1.0,1.0,1,0,100,100,25.0
-58.6692570342875,-34.662128472880056,98890,Led-150,0.8,0.992,1.0,1,0,100,100,25.0
-58.66925716929832,-34.66212892013611,98940,Led-150,0.8,0.984,1.0,0,0,100,100,25.0
-58.669269466756234,-34.662185458882746,98947,Led-240,0.8,0.997,1.0,0,0,100,100,25.0
-58.66927909551795,-34.662149198431365,98950,Led-150,0.8,0.996,1.0,0,0,100,100,25.0
-58.669348074419815,-34.66211220472947,98961,Led-240,0.8,0.98,1.0,0,0,100,100,25.0
-58.66926368349051,-34.662188580680805,98968,Led-150,0.8,1.0,1.0,0,0,100,100,25.0
-58.669271838000235,-34.66218930991785,98975,Led-240,0.8,1.0,1.0,0,0,100,100,25.0
-58.669184531971126,-34.66211078822141,98977,Led-240,0.8,0.984,1.0,0,0,100,100,25.0
-58.669263680641464,-34.66218691467793,98997,Led-240,0.8,0.987,1.0,0,0,100,100,25.0
-58.6692676439395,-34.662185497328224,99015,Led-240,0.8,1.0,1.0,1,0,100,100,25.0
-58.66918423850519,-34.662108406677234,99021,Led-240,0.8,0.974,1.0,1,0,100,100,25.0
-58.66931408068466,-34.66214429951095,99027,Led-240,0.8,0.995,1.0,0,0,100,100,25.0
-58.669319665828745,-34.662138586179175,99046,Led-150,0.8,0.98,1.0,0,0,100,100,25.0
-58.66926776316284,-34.66218550668058,99052,Led-150,0.8,1.0,1.0,0,0,100,100,25.0
-58.6692689601015,-34.66218566158948,99068,Led-150,0.8,1.0,1.0,0,0,100,100,25.0
-58.66923929144274,-34.66216485171843,99081,Led-240,0.8,0.992,1.0,0,0,100,100,25.0
-58.66918266263178,-34.66210679080576,99111,Led-240,0.8,0.994,1.0,0,0,100,100,25.0
-58.669256576500445,-34.66218255398316,99178,Led-150,0.8,1.0,1.0,0,0,100,100,25.0
-58.66926452229203,-34.662185636149324,99190,Led-150,0.8,1.0,1.0,0,0,100,100,25.0
-58.6692568452787,-34.662182865034254,99219,Led-240,0.8,0.998,1.0,1,0,100,100,25.0
-58.66925656032572,-34.66218253598133,99241,Led-240,0.8,1.0,1.0,1,0,100,100,25.0
-58.669256667418196,-34.66218265436767,99245,Led-240,0.8,1.0,1.0,0,0,100,100,25.0
-58.669260780787475,-34.66218687745605,99256,Led-150,0.8,1.0,1.0,0,0,100,100,25.0
-58.669256712373254,-34.66218272746916,99265,Led-240,0.8,0.999,1.0,0,0,100,100,25.0
-58.6692616913577,-34.66218644755699,99269,Led-240,0.8,1.0,1.0,0,0,100,100,25.0
-58.66930899444638,-34.66213575606066,99282,Led-150,0.8,0.966,1.0,1,0,100,100,25.0
-58.66924226979909,-34.66216789142319,99343,Led-240,0.8,0.995,1.0,0,0,100,100,25.0
-58.669261698035825,-34.66218644474849,99397,Led-240,0.8,1.0,1.0,0,0,100,100,25.0
-58.66925654345202,-34.66218251758555,99409,Led-240,0.8,1.0,1.0,0,0,100,100,25.0
-58.66925659155082,-34.6621825701472,99411,Led-240,0.8,1.0,1.0,0,0,100,100,25.0
-58.66926069657138,-34.66218681729309,99441,Led-240,0.8,1.0,1.0,0,0,100,100,25.0
-58.669247478736104,-34.66217326001104,99446,Led-150,0.8,0.994,1.0,0,0,100,100,25.0
-58.66926073080587,-34.66218684938957,99450,Led-150,0.8,1.0,1.0,0,0,100,100,25.0
-58.6692414452198,-34.662164647983545,99451,Led-240,0.8,0.981,1.0,1,0,100,100,25.0
-58.66925549453094,-34.66218147955747,99452,Led-150,0.8,0.998,1.0,0,0,100,100,25.0
-58.6692601374151,-34.66218624348871,99463,Led-240,0.8,0.999,1.0,0,0,100,100,25.0
-58.66924790854854,-34.66217370079782,99499,Led-240,0.8,0.994,1.0,0,0,100,100,25.0
-58.66925649871514,-34.6621824676468,99504,Led-150,0.8,1.0,1.0,0,0,100,100,25.0
-58.669260779357856,-34.66218687372208,99506,Led-150,0.8,1.0,1.0,0,0,100,100,25.0
-58.66925666544398,-34.662182651944725,99513,Led-240,0.8,1.0,1.0,0,0,100,100,25.0
-58.669268948700214,-34.6621856595837,99523,Led-240,0.8,1.0,1.0,0,0,100,100,25.0
-58.669256537969325,-34.66218251160134,99550,Led-150,0.8,1.0,1.0,0,0,100,100,25.0
-58.669256577619095,-34.66218255481245,99553,Led-240,0.8,1.0,1.0,0,0,100,100,25.0
-58.66926067486655,-34.662186795017924,99562,Led-150,0.8,1.0,1.0,0,0,100,100,25.0
-58.66925651993515,-34.6621824910234,99589,Led-240,0.8,1.0,1.0,0,0,100,100,25.0
-58.669256664552066,-34.66218265091362,99610,Led-150,0.8,1.0,1.0,0,0,100,100,25.0
-58.66925416810896,-34.6621074064978,99644,Led-150,0.8,0.986,1.0,1,0,100,100,25.0
-58.66924213367979,-34.66216557681581,99652,Led-150,0.8,0.99,1.0,1,0,100,100,25.0
-58.66932348507672,-34.66213466967979,99670,Led-150,0.8,0.977,1.0,1,0,100,100,25.0
-58.669256554729415,-34.66218253002275,99674,Led-150,0.8,1.0,1.0,0,0,100,100,25.0
-58.66926786249762,-34.662185515303975,99675,Led-240,0.8,1.0,1.0,0,0,100,100,25.0
-58.66925659055667,-34.6621825691055,99676,Led-150,0.8,1.0,1.0,0,0,100,100,25.0
-58.6692601728686,-34.66218627986809,99679,Led-240,0.8,1.0,1.0,0,0,100,100,25.0
-58.66922759343711,-34.66215282889631,99688,Led-150,0.8,0.992,1.0,0,0,100,100,25.0
-58.66925651464526,-34.6621824851886,99706,Led-150,0.8,1.0,1.0,0,0,100,100,25.0
-58.66925666558373,-34.66218265210401,99708,Led-150,0.8,1.0,1.0,0,0,100,100,25.0
-58.66923239668326,-34.66215777925519,99711,Led-240,0.8,0.98,1.0,0,0,100,100,25.0
-58.66934256055727,-34.662115107761416,99724,Led-150,0.8,0.933,1.0,2,0,100,100,25.0
-58.669268595002826,-34.662185602426035,99725,Led-240,0.8,1.0,1.0,0,0,100,100,25.0
-58.66926169197639,-34.662186447296605,99741,Led-240,0.8,1.0,1.0,0,0,100,100,25.0
-58.66926448655764,-34.66218564208625,99743,Led-240,0.8,1.0,1.0,0,0,100,100,25.0
-58.669269855156585,-34.662185852645166,99757,Led-240,0.8,1.0,1.0,1,0,100,100,25.0
-58.669256498125236,-34.66218246693403,99776,Led-150,0.8,1.0,1.0,1,0,100,100,25.0
-58.66925666601404,-34.662182652473426,99779,Led-240,0.8,1.0,1.0,1,0,100,100,25.0
-58.66930708212423,-34.662151490941255,99804,Led-150,0.8,0.997,1.0,0,0,100,100,25.0
-58.66926060011329,-34.66218671830138,99812,Led-150,0.8,1.0,1.0,0,0,100,100,25.0
-58.66925653930125,-34.66218251292671,99827,Led-240,0.8,1.0,1.0,0,0,100,100,25.0
-58.66925658911758,-34.662182567541656,99829,Led-240,0.8,1.0,1.0,0,0,100,100,25.0
-58.66927186853542,-34.66218654569663,99830,Led-150,0.8,1.0,1.0,0,0,100,100,25.0
-58.66932353257706,-34.662134620968175,99836,Led-150,0.8,0.972,1.0,1,0,100,100,25.0
-58.6692565018818,-34.662182470997315,99851,Led-240,0.8,1.0,1.0,0,0,100,100,25.0
-58.66925666277757,-34.66218264890585,99853,Led-240,0.8,1.0,1.0,0,0,100,100,25.0
-58.66926057951361,-34.66218669716097,99879,Led-240,0.8,1.0,1.0,0,0,100,100,25.0
-58.66926875185917,-34.66218562654134,99881,Led-240,0.8,1.0,1.0,1,0,100,100,25.0
-58.669256549124476,-34.66218252387297,99890,Led-150,0.8,1.0,1.0,3,0,100,100,25.0
-58.66925661174168,-34.6621825925916,99891,Led-240,0.8,1.0,1.0,1,0,100,100,25.0
-58.66926010656723,-34.66218621183483,99936,Led-150,0.8,1.0,1.0,0,0,100,100,25.0
-58.66932013693596,-34.66213810320232,99986,Led-150,0.8,0.995,1.0,0,0,100,100,25.0
-58.669261694791075,-34.662186446112486,99995,Led-240,0.8,1.0,1.0,1,0,100,100,25.0
-58.66926007930696,-34.66218618386282,100001,Led-240,0.8,1.0,1.0,1,0,100,100,25.0
-58.6693430776943,-34.66211457709608,100003,Led-240,0.8,0.949,1.0,1,0,100,100,25.0
-58.66926012613876,-34.66218623191754,100030,Led-150,0.8,1.0,1.0,0,0,100,100,25.0
-58.66926349998122,-34.66218584719435,100035,Led-240,0.8,1.0,1.0,0,0,100,100,25.0
-58.669256616355526,-34.66218259758436,100047,Led-240,0.8,1.0,1.0,1,0,100,100,25.0
-58.66926346975836,-34.66218585476198,100063,Led-240,0.8,1.0,1.0,0,0,100,100,25.0
-58.66933056544779,-34.662127405481066,100080,Led-150,0.8,0.953,1.0,1,0,100,100,25.0
-58.66925510611396,-34.66211375218496,100099,Led-240,0.8,0.993,1.0,1,0,100,100,25.0
-58.66926843434654,-34.66218557973625,100109,Led-240,0.8,1.0,1.0,0,0,100,100,25.0
